{
  "by_task": {
    "CWRU_T01": {
      "accuracy": {
        "mean": 0.8601242236024845,
        "std": 0.05097596922746115,
        "ci_95": 0.0446824071053239,
        "values": [
          0.7732919254658385,
          0.8919254658385093,
          0.8956521739130435,
          0.8838509316770187,
          0.8559006211180125
        ],
        "n_seeds": 5
      },
      "macro_f1": {
        "mean": 0.8729592266299449,
        "std": 0.06093056071819601,
        "ci_95": 0.05340799126384135,
        "values": [
          0.767080400226457,
          0.9099233529520081,
          0.9125709743437792,
          0.8993375595266152,
          0.8758838461008649
        ],
        "n_seeds": 5
      }
    },
    "CWRU_T02": {
      "accuracy": {
        "mean": 0.8582608695652173,
        "std": 0.03152563999973429,
        "ci_95": 0.02763344183684819,
        "values": [
          0.8968944099378882,
          0.8322981366459627,
          0.8385093167701864,
          0.8354037267080745,
          0.8881987577639752
        ],
        "n_seeds": 5
      },
      "macro_f1": {
        "mean": 0.8763536647979473,
        "std": 0.026820848814581945,
        "ci_95": 0.023509510536150753,
        "values": [
          0.9102836240302707,
          0.851772301478086,
          0.8607113597993377,
          0.8587947342113957,
          0.9002063044706466
        ],
        "n_seeds": 5
      }
    },
    "CWRU_T03": {
      "accuracy": {
        "mean": 0.8388819875776397,
        "std": 0.04444488916957476,
        "ci_95": 0.03895766302676043,
        "values": [
          0.8819875776397516,
          0.8621118012422361,
          0.7695652173913043,
          0.8217391304347826,
          0.8590062111801242
        ],
        "n_seeds": 5
      },
      "macro_f1": {
        "mean": 0.8599389430525249,
        "std": 0.036390571862558826,
        "ci_95": 0.031897742630510886,
        "values": [
          0.8944056162211936,
          0.8813978479013335,
          0.8015619300817741,
          0.8502610300498694,
          0.8720682910084544
        ],
        "n_seeds": 5
      }
    },
    "CWRU_T04": {
      "accuracy": {
        "mean": 0.8970186335403726,
        "std": 0.006505451415044087,
        "ci_95": 0.005702279582637425,
        "values": [
          0.8993788819875776,
          0.9012422360248448,
          0.8857142857142857,
          0.8975155279503105,
          0.9012422360248448
        ],
        "n_seeds": 5
      },
      "macro_f1": {
        "mean": 0.9108803247082197,
        "std": 0.005579488457315497,
        "ci_95": 0.004890637264331291,
        "values": [
          0.9155204896287965,
          0.9137516573955312,
          0.9012635587334715,
          0.9117767240866773,
          0.9120891936966212
        ],
        "n_seeds": 5
      }
    },
    "CWRU_T05": {
      "accuracy": {
        "mean": 0.8840993788819876,
        "std": 0.03600502774710915,
        "ci_95": 0.03155979831312644,
        "values": [
          0.9161490683229814,
          0.8850931677018633,
          0.8236024844720496,
          0.9055900621118013,
          0.8900621118012423
        ],
        "n_seeds": 5
      },
      "macro_f1": {
        "mean": 0.8994172707704777,
        "std": 0.030479180601600545,
        "ci_95": 0.026716179731679328,
        "values": [
          0.9289460947291257,
          0.8984045849047771,
          0.8491792806095203,
          0.9167268299732951,
          0.9038295636356697
        ],
        "n_seeds": 5
      }
    },
    "CWRU_T06": {
      "accuracy": {
        "mean": 0.864223602484472,
        "std": 0.04593040662784839,
        "ci_95": 0.04025977648999774,
        "values": [
          0.8962732919254658,
          0.8937888198757764,
          0.784472049689441,
          0.8708074534161491,
          0.8757763975155279
        ],
        "n_seeds": 5
      },
      "macro_f1": {
        "mean": 0.879978974630317,
        "std": 0.040004081604730804,
        "ci_95": 0.035065123571485765,
        "values": [
          0.9103470302065447,
          0.9003205675623122,
          0.8101342383139601,
          0.8881422404554301,
          0.8909507966133386
        ],
        "n_seeds": 5
      }
    },
    "CWRU_T07": {
      "accuracy": {
        "mean": 0.8060869565217391,
        "std": 0.13271258676382033,
        "ci_95": 0.1163277112657065,
        "values": [
          0.8434782608695652,
          0.9422360248447205,
          0.7770186335403727,
          0.8739130434782608,
          0.5937888198757764
        ],
        "n_seeds": 5
      },
      "macro_f1": {
        "mean": 0.8328864972962731,
        "std": 0.1155188933594454,
        "ci_95": 0.10125677450900943,
        "values": [
          0.862494129495562,
          0.9503154969604567,
          0.8071385230157658,
          0.8961248743936592,
          0.6483594626159217
        ],
        "n_seeds": 5
      }
    },
    "CWRU_T08": {
      "accuracy": {
        "mean": 0.8718012422360248,
        "std": 0.02984147253866853,
        "ci_95": 0.02615720396890117,
        "values": [
          0.8850931677018633,
          0.8248447204968944,
          0.8801242236024844,
          0.9043478260869565,
          0.8645962732919255
        ],
        "n_seeds": 5
      },
      "macro_f1": {
        "mean": 0.88659879381122,
        "std": 0.027079877071254553,
        "ci_95": 0.023736558813835934,
        "values": [
          0.8958298585387151,
          0.8454168520109092,
          0.8951711135390963,
          0.9183548478231333,
          0.8782212971442463
        ],
        "n_seeds": 5
      }
    },
    "JNU_T01": {
      "accuracy": {
        "mean": 0.4,
        "std": 0.13693063937629152,
        "ci_95": 0.1200249973963757,
        "values": [
          0.5,
          0.25,
          0.5,
          0.5,
          0.25
        ],
        "n_seeds": 5
      },
      "macro_f1": {
        "mean": 0.33333333333333337,
        "std": 0.15590239111558088,
        "ci_95": 0.13665447100056566,
        "values": [
          0.5,
          0.16666666666666666,
          0.41666666666666663,
          0.41666666666666663,
          0.16666666666666666
        ],
        "n_seeds": 5
      }
    },
    "JNU_T02": {
      "accuracy": {
        "mean": 0.5,
        "std": 0.0,
        "ci_95": 0.0,
        "values": [
          0.5,
          0.5,
          0.5,
          0.5,
          0.5
        ],
        "n_seeds": 5
      },
      "macro_f1": {
        "mean": 0.3583333333333333,
        "std": 0.022821773229381934,
        "ci_95": 0.020004166232729294,
        "values": [
          0.375,
          0.3333333333333333,
          0.3333333333333333,
          0.375,
          0.375
        ],
        "n_seeds": 5
      }
    },
    "JNU_T03": {
      "accuracy": {
        "mean": 0.55,
        "std": 0.11180339887498948,
        "ci_95": 0.09799999999999999,
        "values": [
          0.5,
          0.5,
          0.5,
          0.5,
          0.75
        ],
        "n_seeds": 5
      },
      "macro_f1": {
        "mean": 0.4333333333333333,
        "std": 0.1304372986874877,
        "ci_95": 0.1143333333333333,
        "values": [
          0.375,
          0.375,
          0.375,
          0.375,
          0.6666666666666666
        ],
        "n_seeds": 5
      }
    },
    "PU_T01": {
      "accuracy": {
        "mean": 1.0,
        "std": 0.0,
        "ci_95": 0.0,
        "values": [
          1.0,
          1.0,
          1.0,
          1.0,
          1.0
        ],
        "n_seeds": 5
      },
      "macro_f1": {
        "mean": 1.0,
        "std": 0.0,
        "ci_95": 0.0,
        "values": [
          1.0,
          1.0,
          1.0,
          1.0,
          1.0
        ],
        "n_seeds": 5
      }
    },
    "PU_T02": {
      "accuracy": {
        "mean": 1.0,
        "std": 0.0,
        "ci_95": 0.0,